"block_timestamp_date","total_txs","500_520_fee_per_byte","98_109_fee_per_byte","29_32_fee_per_byte","24_34_44_fee","317_453_fee","500_520_perc_fee_per_byte","98_109_perc_fee_per_byte","29_32_perc_fee_per_byte","24_34_44_perc_fee","317_453_perc_fee"
2022-08-14,1557,0,0,0,0,0,0,0,0,0,0
2022-08-15,17357,0,0,0,0,0,0,0,0,0,0
2022-08-16,19586,1,8,0,0,0,0.00510568773613806,0.0408455018891045,0,0,0
2022-08-17,26297,0,2,0,0,0,0,0.00760543027721793,0,0,0
2022-08-18,28428,0,3,0,0,0,0,0.0105529759392149,0,0,0
2022-08-19,39675,0,0,1,0,0,0,0,0.00252047889098929,0,0
2022-08-20,21810,0,0,0,0,0,0,0,0,0,0
2022-08-21,19409,0,0,0,0,0,0,0,0,0,0
2022-08-22,20727,0,0,0,0,0,0,0,0,0,0
2022-08-23,18812,0,0,0,0,0,0,0,0,0,0
2022-08-24,16324,0,0,0,1,0,0,0,0,0.00612594952217594,0
2022-08-25,20638,70,61,0,45,14,0.339180153115612,0.295571276286462,0,0.218044384145751,0.0678360306231224
2022-08-26,18183,111,90,0,336,16,0.610460320079195,0.494967827091239,0,1.84787988780729,0.0879942803717758
2022-08-27,13920,92,78,0,383,24,0.660919540229885,0.560344827586207,0,2.7514367816092,0.172413793103448
2022-08-28,13891,115,134,0,468,23,0.827874163127205,0.964653372687352,0,3.36908789863941,0.165574832625441
2022-08-29,17664,176,249,0,514,42,0.996376811594203,1.40964673913043,0,2.9098731884058,0.237771739130435
2022-08-30,18666,245,278,0,498,82,1.31254687667417,1.48933890496089,0,2.66795242687239,0.439301403621558
2022-08-31,17296,198,240,0,520,44,1.14477335800185,1.38760407030527,0,3.00647548566142,0.254394079555967
2022-09-01,16536,205,236,0,557,36,1.23971940009676,1.42718916303822,0,3.36840832123851,0.217706821480406
2022-09-02,15390,152,233,3,488,37,0.987654320987654,1.51397011046134,0.0194931773879142,3.17089018843405,0.240415854450942
2022-09-03,12921,167,402,1,323,25,1.29246962309419,3.11121430229858,0.00773933906044424,2.49980651652349,0.193483476511106
2022-09-04,14238,185,516,1,374,24,1.29933979491502,3.62410450906026,0.00702345835089198,2.6267734232336,0.168563000421407
2022-09-05,17341,184,624,0,495,29,1.06106914249467,3.59840839628626,0,2.85450666051554,0.167233723545355
2022-09-06,17862,232,629,6,505,42,1.29884671369388,3.52144216773038,0.0335908632851864,2.82723099316986,0.235136042996305
2022-09-07,16978,221,570,0,389,34,1.30168453292496,3.35728589939922,0,2.29120037695842,0.200259158911533
2022-09-08,15817,217,515,7,386,44,1.37194158184232,3.25599039008662,0.0442561800594297,2.4404122147057,0.278181703230701
2022-09-09,15367,199,557,0,402,37,1.29498275525477,3.62465022450706,0,2.61599531463526,0.240775688162947
2022-09-10,13005,148,511,0,333,28,1.13802383698577,3.92925797770088,0,2.56055363321799,0.215301806997309
2022-09-11,13953,160,500,0,344,36,1.14670680140472,3.58345875438974,0,2.46541962302014,0.258009030316061
2022-09-12,16589,196,637,6,485,44,1.18150581710772,3.8398939056001,0.036168545421665,2.92362408825125,0.265235999758876
2022-09-13,17780,219,642,14,458,54,1.23172103487064,3.61079865016873,0.078740157480315,2.57592800899888,0.303712035995501
2022-09-14,17032,195,615,0,446,32,1.14490371066228,3.61085016439643,0,2.61860028182245,0.187881634570221
2022-09-15,16617,209,664,0,454,42,1.25774808930613,3.99590780525967,0,2.73214178251189,0.252753204549558
2022-09-16,15554,182,501,0,443,45,1.17011701170117,3.22103638935322,0,2.84814195705285,0.289314645750289
2022-09-17,13107,154,486,0,377,13,1.17494468604562,3.70794232089723,0,2.87632562752728,0.0991836423285267
2022-09-18,14354,151,550,11,408,17,1.05197157586735,3.83168454786122,0.0766336909572245,2.84241326459523,0.118433886024801
2022-09-19,17915,234,624,2,514,58,1.30616801562936,3.48311470834496,0.0111638291934133,2.86910410270723,0.323751046608987
2022-09-20,18601,244,663,5,532,54,1.31175743239611,3.56432449868287,0.0268802752540186,2.86006128702758,0.290306972743401
2022-09-21,16881,254,675,3,492,49,1.50465019844796,3.99857828327706,0.0177714590367869,2.91451928203305,0.29026716426752
2022-09-22,16135,218,609,0,479,39,1.3511000929656,3.77440347071583,0,2.96870158041525,0.241710567090177
2022-09-23,15708,168,594,0,411,64,1.06951871657754,3.78151260504202,0,2.61650114591291,0.407435701553349
2022-09-24,12897,184,515,0,352,26,1.42668837714197,3.99317670776149,0,2.72931689540203,0.201597270683105
2022-09-25,14068,168,505,3,374,24,1.19419960193347,3.58970713676429,0.021324992891669,2.65851578049474,0.170599943133352
2022-09-26,18092,225,674,0,413,45,1.24364359938094,3.72540349325669,0,2.2827769179748,0.248728719876188
2022-09-27,17626,251,755,5,413,55,1.42403267899694,4.28344491092704,0.0283671848405764,2.34312946783161,0.312039033246341
2022-09-28,17942,261,669,2,378,43,1.45468732582767,3.72868130643184,0.0111470293166871,2.10678854085386,0.239661130308773
2022-09-29,17066,230,686,0,426,46,1.34770889487871,4.01968826907301,0,2.49619125747099,0.269541778975741
2022-09-30,15912,208,611,0,420,45,1.30718954248366,3.83986928104575,0,2.6395173453997,0.282805429864253
2022-10-01,12209,208,502,0,376,49,1.70366123351626,4.11172086165943,0,3.07969530674093,0.401343271357195
2022-10-02,11661,166,485,0,401,56,1.42354858073922,4.15916302203928,0,3.43881313780979,0.480233256152989
2022-10-03,18442,245,758,1,522,50,1.3284893178614,4.11018327730181,0.00542240537902614,2.83049560785164,0.271120268951307
2022-10-04,18179,276,729,1,504,39,1.5182353264756,4.01012156884317,0.00550085263215798,2.77242972660762,0.214533252654161
2022-10-05,19006,315,770,7,489,45,1.65737135641376,4.05135220456698,0.0368304745869725,2.57287172471851,0.236767336630538
2022-10-06,17682,232,723,0,507,46,1.31206877050107,4.08890397013912,0,2.86732270105192,0.260151566564868
2022-10-07,15201,196,576,0,395,33,1.28938885599632,3.78922439313203,0,2.59851325570686,0.217090980856523
2022-10-08,10717,151,452,6,294,11,1.4089763926472,4.21759820845386,0.0559858169263786,2.74330502939255,0.102640664365028
2022-10-09,12431,152,502,3,320,28,1.22274957766873,4.03829136835331,0.024133215348725,2.57420963719733,0.225243343254766
2022-10-10,22706,263,740,5,501,30,1.15828415396811,3.25905047124108,0.0220206112921695,2.20646525147538,0.132123667753017
2022-10-11,19338,247,727,1,530,53,1.27727789843831,3.75943737718482,0.0051711655807219,2.7407177577826,0.27407177577826
2022-10-12,16303,226,712,0,444,55,1.38624792982887,4.36729436300068,0,2.72342513647795,0.337361221861007
2022-10-13,17944,252,676,3,459,44,1.40436914846188,3.76727596968346,0.0167186803388319,2.55795809184128,0.245207311636201
2022-10-14,15763,216,588,4,434,34,1.37029753219565,3.73025439319926,0.0253758802258453,2.75328300450422,0.215694981919685
2022-10-15,13445,154,495,0,381,28,1.14540721457791,3.68166604685757,0,2.83376719970249,0.208255857195984
2022-10-16,12461,164,551,0,365,21,1.31610625150469,4.42179600353102,0,2.92913891340984,0.168525800497552
2022-10-17,19464,318,786,5,503,37,1.63378545006165,4.03822441430333,0.0256884504726675,2.58425811755035,0.190094533497739
2022-10-18,18056,273,710,0,544,44,1.51196278245459,3.93221089942401,0,3.01284891448826,0.24368630926008
2022-10-19,20257,261,750,0,428,40,1.288443501012,3.70242385348275,0,2.11284987905415,0.19746260551908
2022-10-20,26155,169,672,8,390,43,0.646147964060409,2.5692984133053,0.0305868858726821,1.49111068629325,0.164404511565666
2022-10-21,23463,201,589,0,373,39,0.85666794527554,2.51033542172783,0,1.58973703277501,0.166219153560926
2022-10-22,19608,135,492,1,296,18,0.688494492044064,2.50917992656059,0.0050999592003264,1.50958792329661,0.0917992656058752
2022-10-23,23066,237,567,5,375,34,1.02748634353594,2.45816353073788,0.0216769270788173,1.6257695309113,0.147403104135958
2022-10-24,29614,241,748,1,537,42,0.813804281758628,2.52583237657865,0.00337678125211049,1.81333153238333,0.141824812588641
2022-10-25,31016,264,767,0,540,54,0.851173587825638,2.47291720402373,0,1.74103688418881,0.174103688418881
2022-10-26,26503,195,683,1,411,68,0.735765762366525,2.5770667471607,0.00377315775572577,1.55076783760329,0.256574727389352
2022-10-27,23285,233,603,11,417,36,1.00064419153962,2.58964998926347,0.0472407129053038,1.79085248013743,0.154605969508267
2022-10-28,24588,248,632,3,433,43,1.00862209207744,2.57035952497153,0.0122010736944851,1.76102163657069,0.17488205628762
2022-10-29,20196,207,564,5,370,22,1.02495543672014,2.79263220439691,0.0247573776985542,1.83204594969301,0.108932461873638
2022-10-30,15526,199,579,9,422,51,1.28172098415561,3.72922839108592,0.0579672806904547,2.71802138348577,0.32848125724591
2022-10-31,20521,226,710,0,518,43,1.10131085229765,3.4598703766873,0,2.52424345792115,0.209541445348667
2022-11-01,20433,305,789,0,548,40,1.49268340429697,3.86140067537806,0,2.68193608378603,0.195761757940586
2022-11-02,20373,222,737,0,565,63,1.08967751435724,3.61753300937515,0,2.77327835861189,0.309232808128405
2022-11-03,19300,248,681,5,535,49,1.28497409326425,3.52849740932642,0.0259067357512953,2.7720207253886,0.253886010362694
2022-11-04,18003,209,617,0,474,42,1.1609176248403,3.42720657668166,0,2.6328945175804,0.233294450924846
2022-11-05,18614,222,624,4,388,40,1.19265069302675,3.35231546148061,0.0214892016761577,2.0844525625873,0.214892016761577
2022-11-06,14860,213,556,9,453,42,1.43337819650067,3.74158815612382,0.0605652759084791,3.04845222072678,0.282637954239569
2022-11-07,22377,261,787,1,604,66,1.16637618983778,3.5170040666756,0.00446887429056621,2.69920007150199,0.29494570317737
2022-11-08,18731,274,828,1,524,38,1.46281565319524,4.42047941914473,0.00533874325983663,2.7975014681544,0.202872243873792
2022-11-09,17552,286,834,11,516,51,1.62944393801276,4.75159525979945,0.0626709206927985,2.93983591613491,0.29056517775752
2022-11-10,18686,238,671,0,455,49,1.27368083056834,3.59092368618217,0,2.43497805843947,0.262228406293482
2022-11-11,15946,189,639,16,497,45,1.18525021949078,4.00727455161169,0.100338642919855,3.11676909569798,0.282202433212091
2022-11-12,14058,185,539,0,342,19,1.31597666808934,3.83411580594679,0,2.43277848911652,0.135154360506473
2022-11-13,14724,166,581,7,389,48,1.12741102961152,3.94593860364032,0.0475414289595219,2.64194512360771,0.32599837000815
2022-11-14,17115,244,684,10,512,52,1.42565001460707,3.99649430324277,0.058428279287175,2.99152789950336,0.30382705229331
2022-11-15,17351,232,725,0,520,38,1.3370987262982,4.17843351968186,0,2.9969454210132,0.219007549997118
2022-11-16,17843,300,757,4,504,41,1.68133161463879,4.24256010760522,0.0224177548618506,2.82463711259317,0.229781987333969
2022-11-17,17859,291,770,6,531,32,1.62943053922392,4.31155159863374,0.0335965059633798,2.97329077775911,0.179181365138026
2022-11-18,16574,272,671,5,444,56,1.64112465307108,4.04850971400989,0.0301677325932183,2.67889465427778,0.337878605044045
2022-11-19,13941,193,530,0,387,23,1.38440570977692,3.80173588695216,0,2.77598450613299,0.164980991320565
2022-11-20,14922,218,602,0,409,26,1.46093017021847,4.03431175445651,0,2.7409194477952,0.17423937809945
2022-11-21,17293,325,783,13,522,52,1.87937315676863,4.52784363615336,0.0751749262707454,3.01856242410224,0.300699705082982
2022-11-22,17496,254,705,0,414,45,1.45176040237769,4.02949245541838,0,2.36625514403292,0.257201646090535
2022-11-23,17679,282,765,6,512,24,1.59511284574919,4.32716782623452,0.0339385711861531,2.89609140788506,0.135754284744612
2022-11-24,14944,222,650,0,442,52,1.4855460385439,4.34957173447537,0,2.95770877944326,0.34796573875803
2022-11-25,14229,237,695,0,461,45,1.66561248155176,4.88439103239862,0,3.23986225314499,0.316255534471853
2022-11-26,12998,174,580,0,342,28,1.33866748730574,4.4622249576858,0,2.63117402677335,0.215417756577935
2022-11-27,14277,200,609,20,383,45,1.40085452125797,4.26560201723051,0.140085452125797,2.68263640820901,0.315192267283043
2022-11-28,16534,240,792,6,539,51,1.45155437280755,4.79012943026491,0.0362888593201887,3.25994919559695,0.308455304221604
2022-11-29,16923,297,708,2,540,42,1.75500797730899,4.18365538025173,0.0118182355374343,3.19092359510725,0.248182946286119
2022-11-30,15784,283,762,8,550,52,1.79295489102889,4.82767359351242,0.0506842372022301,3.48454130765332,0.329447541814496
2022-12-01,15142,242,765,0,612,36,1.59820367190596,5.0521727644961,0,4.04173821159688,0.237749306564523
2022-12-02,15304,247,770,0,433,39,1.61395713538944,5.03136434918975,0,2.82932566649242,0.254835337166754
2022-12-03,22160,207,611,1,416,42,0.934115523465704,2.7572202166065,0.00451263537906137,1.87725631768953,0.189530685920578
2022-12-04,22475,166,637,0,465,36,0.738598442714127,2.83426028921023,0,2.06896551724138,0.160177975528365
2022-12-05,28152,303,740,12,583,70,1.07630008525149,2.62858766695084,0.0426257459505541,2.07090082409776,0.248650184711566
2022-12-06,29162,307,803,16,503,72,1.05273986695014,2.75358343049174,0.0548659214045676,1.72484740415609,0.246896646320554
2022-12-07,27721,284,760,33,499,76,1.02449406587064,2.74160383824537,0.119043324555391,1.80007936221637,0.274160383824537
2022-12-08,26490,261,756,10,537,66,0.985277463193658,2.85390713476784,0.0377500943752359,2.02718006795017,0.249150622876557
2022-12-09,24030,198,718,2,479,49,0.823970037453184,2.9879317519767,0.00832292967124428,1.993341656263,0.203911776945485
2022-12-10,23097,168,621,0,460,32,0.727367190544227,2.68866086504741,0,1.99160064077586,0.138546131532234
2022-12-11,23185,205,649,0,461,52,0.88419236575372,2.79922363597153,0,1.988354539573,0.224282941557041
2022-12-12,25916,287,797,0,581,64,1.1074239851829,3.07532026547307,0,2.24185831146782,0.246951690075629
2022-12-13,23583,265,818,9,689,47,1.12369079421617,3.46860026290124,0.038163083577153,2.92159606496205,0.199296103125133
2022-12-14,19203,257,749,4,627,74,1.33833255220538,3.90043222413165,0.0208300786335468,3.26511482580847,0.385356454720617
2022-12-15,18989,256,688,0,569,60,1.34814892832693,3.62315024487861,0,2.99647164147664,0.315972405076623
2022-12-16,17900,261,747,13,554,49,1.45810055865922,4.1731843575419,0.0726256983240224,3.09497206703911,0.273743016759777
2022-12-17,14361,167,526,1,477,22,1.1628716663185,3.66269758373372,0.00696330339112875,3.32149571756841,0.153192674604833
2022-12-18,14710,191,572,0,498,32,1.29843643779742,3.88851121685928,0,3.38545207341944,0.217539089055065
2022-12-19,22845,222,656,0,531,40,0.971766250820749,2.87152549792077,0,2.32435981615233,0.175093018165901
2022-12-20,16596,245,746,0,586,49,1.4762593395999,4.49505905037358,0,3.53097131838997,0.295251867919981
2022-12-21,15985,237,673,1,570,41,1.48263997497654,4.21019705974351,0.00625586487331874,3.56584297779168,0.256490459806068
2022-12-22,13383,224,640,0,549,50,1.67376522453859,4.78218635582455,0,4.10221923335575,0.373608309048793
2022-12-23,13036,194,529,1,620,25,1.48818656029457,4.05799324946303,0.00767106474378644,4.75606014114759,0.191776618594661
2022-12-24,9568,165,426,1,477,12,1.7244983277592,4.45234113712375,0.0104515050167224,4.98536789297659,0.125418060200669
2022-12-25,10275,195,423,5,400,43,1.8978102189781,4.11678832116788,0.048661800486618,3.89294403892944,0.418491484184915
2022-12-26,13725,201,663,10,558,42,1.46448087431694,4.83060109289617,0.0728597449908925,4.0655737704918,0.306010928961749
2022-12-27,15827,241,731,4,474,45,1.52271434889745,4.6186895810956,0.0252732672016175,2.99488216339167,0.284324256018197
2022-12-28,15135,294,721,13,516,46,1.94251734390486,4.76379253386191,0.0858936240502147,3.40931615460852,0.30393128510076
2022-12-29,14136,246,724,3,460,39,1.7402376910017,5.12167515563101,0.0212224108658744,3.25410299943407,0.275891341256367
2022-12-30,13611,236,636,11,420,37,1.73389170523841,4.67269120564249,0.0808169862611123,3.08573947542429,0.271838953787378
2022-12-31,10411,146,497,1,362,17,1.40236288540966,4.77379694553837,0.00960522524253194,3.47709153779656,0.163288829123043
2023-01-01,9916,173,494,0,373,23,1.74465510286406,4.98184751916095,0,3.76159741831384,0.231948366276724
2023-01-02,16781,237,709,6,569,35,1.41231154281628,4.22501638758119,0.0357547226029438,3.39073952684584,0.208569215183839
2023-01-03,16992,215,688,0,512,39,1.26530131826742,4.04896421845574,0,3.01318267419962,0.229519774011299
2023-01-04,14916,285,683,1,482,41,1.91069991954948,4.57897559667471,0.00670421024403325,3.23142933762403,0.274872620005363
2023-01-05,14576,280,687,4,459,33,1.92096597145993,4.71322722283205,0.0274423710208562,3.14901207464325,0.226399560922064
2023-01-06,13946,229,725,7,488,35,1.64204789903915,5.19862326115015,0.0501936039007601,3.49921124336727,0.2509680195038
2023-01-07,12023,198,573,0,426,40,1.64684354986276,4.76586542460284,0,3.54320884970473,0.332695666638942
2023-01-08,12528,246,565,9,515,32,1.96360153256705,4.50989782886335,0.0718390804597701,4.11079182630907,0.255427841634738
2023-01-09,16650,313,770,5,621,50,1.87987987987988,4.62462462462462,0.03003003003003,3.72972972972973,0.3003003003003
2023-01-10,17480,316,838,3,616,50,1.80778032036613,4.79405034324943,0.017162471395881,3.52402745995423,0.28604118993135
2023-01-11,16572,269,827,4,622,44,1.62321988896935,4.99034516051171,0.0241370987207338,3.7533188510741,0.265508085928071
2023-01-12,15565,283,793,3,592,49,1.81818181818182,5.09476389335047,0.0192740122068744,3.80340507548988,0.314808866045615
2023-01-13,14237,189,704,8,514,28,1.32752686661516,4.94486197934958,0.0561916134016998,3.61031116105921,0.196670646905949
2023-01-14,13931,241,700,1,460,58,1.72995477711578,5.02476491278444,0.00717823558969205,3.30198837125834,0.416337664202139
2023-01-15,12862,201,621,0,457,34,1.56274296376924,4.82817602239154,0,3.55310216140569,0.264344580936091
2023-01-16,16549,279,791,8,531,50,1.68590247144843,4.77974499969787,0.0483412895038975,3.2086530908212,0.302133059399359
2023-01-17,15970,256,807,7,520,56,1.60300563556669,5.05322479649343,0.0438321853475266,3.25610519724483,0.350657482780213
2023-01-18,15642,281,717,7,508,43,1.79644546733154,4.58381281166091,0.0447513105740954,3.24766653880578,0.2749009078123
2023-01-19,14995,229,739,2,512,44,1.52717572524175,4.92830943647883,0.0133377792597533,3.41447149049683,0.293431143714572
2023-01-20,14384,215,718,0,434,35,1.49471635150167,4.9916573971079,0,3.01724137931034,0.243325917686318
2023-01-21,13492,200,654,2,441,31,1.48235991698784,4.84731692855025,0.0148235991698784,3.2686036169582,0.229765787133116
2023-01-22,13265,197,653,3,483,34,1.48511119487373,4.92272898605352,0.0226159065209197,3.64116094986807,0.25631360723709
2023-01-23,16130,270,783,0,545,45,1.67389956602604,4.85430874147551,0,3.37879727216367,0.27898326100434
2023-01-24,16130,247,763,5,540,57,1.53130812151271,4.73031618102914,0.0309981401115933,3.34779913205208,0.353378797272164
2023-01-25,16904,318,816,9,541,39,1.88121154756271,4.82725982016091,0.0532418362517747,3.20042593469001,0.23071462375769
2023-01-26,15377,305,778,1,488,37,1.98348182350263,5.05950445470508,0.00650321909345126,3.17357091760421,0.240619106457697
2023-01-27,14720,239,745,27,494,38,1.62364130434783,5.06114130434783,0.183423913043478,3.35597826086957,0.258152173913043
2023-01-28,13545,213,712,7,390,16,1.57253599114064,5.25655223329642,0.0516795865633075,2.87929125138427,0.11812476928756
2023-01-29,13842,262,733,7,485,28,1.89279005923999,5.29547753214853,0.0505707267735876,3.50382892645571,0.202282907094351
2023-01-30,16487,249,772,13,547,39,1.51028082731849,4.6824771031722,0.0788500030326924,3.31776551222175,0.236550009098077
2023-01-31,17043,307,860,25,534,53,1.80132605761896,5.04605996596843,0.146687789708385,3.1332511881711,0.310978114181776
2023-02-01,15992,266,838,11,515,38,1.66333166583292,5.24012006003001,0.0687843921960981,3.22036018009004,0.237618809404702
2023-02-02,16529,252,823,8,558,48,1.52459313933087,4.97912759392583,0.0483997822009801,3.37588480851836,0.290398693205881
2023-02-03,15796,289,811,13,605,42,1.82957710812864,5.13421119270701,0.0822993162826032,3.83008356545961,0.26589009875918
2023-02-04,13108,224,645,12,460,30,1.70888007323772,4.92065913945682,0.091547146780592,3.50930729325603,0.22886786695148
2023-02-05,13017,212,678,20,457,35,1.6286394714604,5.20857340401014,0.153645233156641,3.51079357762925,0.268879158024122
2023-02-06,15275,270,770,30,551,64,1.76759410801964,5.04091653027823,0.196399345335516,3.60720130932897,0.4189852700491
2023-02-07,14784,297,712,38,523,37,2.00892857142857,4.81601731601732,0.257034632034632,3.53760822510823,0.250270562770563
2023-02-08,14283,281,753,33,491,36,1.96737380102219,5.27200168031926,0.231043898340685,3.43765315409928,0.252047889098929
2023-02-09,14372,262,716,30,511,62,1.82298914556081,4.98190926802115,0.208739215140551,3.55552463122739,0.431394377957139
2023-02-10,13573,242,713,29,407,43,1.78295144772711,5.25307595962573,0.21365947100862,2.9986001620865,0.316805422530023
2023-02-11,12229,200,615,32,421,38,1.63545670128383,5.02902935644779,0.261673072205413,3.44263635620247,0.310736773243928
2023-02-12,12232,199,621,28,441,46,1.62688031393067,5.07684761281884,0.228907782864617,3.60529758011772,0.376062786134729
2023-02-13,15628,269,799,33,529,36,1.72126951625288,5.11261837727156,0.211159457384182,3.3849500895828,0.230355771691835
2023-02-14,14658,294,829,38,487,59,2.00573065902579,5.65561468140265,0.259244098785646,3.32241779233183,0.402510574430345
2023-02-15,15018,337,796,43,543,36,2.24397389798908,5.30030629910774,0.2863230789719,3.61566120655214,0.239712345185777
2023-02-16,15359,296,845,40,501,44,1.92720880265642,5.50166026434013,0.260433621980598,3.26193111530699,0.286476984178657
2023-02-17,14502,264,704,41,476,49,1.82043856019859,4.85450282719625,0.282719624879327,3.28230588884292,0.33788442973383
2023-02-18,12205,225,615,26,382,51,1.84350675952478,5.03891847603441,0.213027447767308,3.1298648095043,0.417861532158951
2023-02-19,12562,245,690,42,434,24,1.9503263811495,5.4927559305843,0.334341665339914,3.45486387517911,0.191052380194237
2023-02-20,15472,314,909,41,500,55,2.02947259565667,5.87512926577042,0.264994829369183,3.23164426059979,0.355480868665977
2023-02-21,14619,300,826,37,502,44,2.05212394828648,5.65018127094877,0.253095286955332,3.43388740679937,0.300978179082017
2023-02-22,14899,344,742,41,520,54,2.30887979058997,4.98020001342372,0.275186254111014,3.49016712531042,0.362440432243775
2023-02-23,13913,286,686,38,457,46,2.0556314238482,4.93064040825127,0.273125853518292,3.28469776468051,0.330626033206354
2023-02-24,13466,278,715,49,436,40,2.06445863656617,5.30966879548493,0.363879399970296,3.23778404871528,0.297044408139017
2023-02-25,11917,183,606,38,325,29,1.53562138122011,5.08517244272887,0.318872199379038,2.72719644205756,0.243349836368213
2023-02-26,12937,231,622,34,420,45,1.78557625415475,4.80791528175002,0.26281208935611,3.24650228028136,0.347839530030146
2023-02-27,16099,297,878,64,555,41,1.84483508292441,5.45375489160817,0.397540219889434,3.44741909435369,0.254674203366669
2023-02-28,16320,312,886,66,479,44,1.91176470588235,5.42892156862745,0.404411764705882,2.93504901960784,0.269607843137255
2023-03-01,16343,317,892,50,499,61,1.93966835954231,5.45799424830203,0.305941381631279,3.05329498868017,0.373248485590161
2023-03-02,15689,276,776,68,492,61,1.75919433998343,4.94614060806935,0.433424692459685,3.13595512779654,0.388807444706482
2023-03-03,14412,287,748,59,499,49,1.99139605883986,5.19011934499029,0.409381071329448,3.4623924507355,0.339994449070219
2023-03-04,11639,158,588,50,354,25,1.35750494028697,5.0519804106882,0.429590170976888,3.04149841051637,0.214795085488444
2023-03-05,13281,222,739,67,423,37,1.67156087644003,5.56434003463595,0.504480084330999,3.18500112943302,0.278593479406671
2023-03-06,16129,286,852,58,649,69,1.77320354640709,5.28241056482113,0.359600719201438,4.02380804761609,0.427800855601711
2023-03-07,16808,276,1011,78,501,54,1.64207520228463,6.0149928605426,0.464064731080438,2.98072346501666,0.321275583055688
2023-03-08,15388,261,858,54,482,59,1.69612685209254,5.57577332986743,0.350922796984663,3.13231089160385,0.383415648557317
2023-03-09,15169,250,795,51,531,59,1.6480980947986,5.24095194145956,0.336212011338915,3.50056035335223,0.38895115037247
2023-03-10,14894,264,749,69,461,59,1.7725258493353,5.02887068618235,0.463273801530818,3.09520612327112,0.396132670874177
2023-03-11,11676,186,600,45,366,30,1.59301130524152,5.13874614594039,0.385405960945529,3.13463514902364,0.25693730729702
2023-03-12,13325,251,695,58,459,48,1.88367729831144,5.21575984990619,0.435272045028143,3.44465290806754,0.360225140712946
2023-03-13,18868,333,958,54,605,60,1.76489294042824,5.07737969048124,0.286198855204579,3.2064871740513,0.317998728005088
2023-03-14,17476,360,952,66,587,68,2.05996795605402,5.44747081712062,0.377660791943236,3.3588921950103,0.389105058365759
2023-03-15,17006,296,835,61,473,61,1.74056215453369,4.91003175349877,0.358696930495119,2.78137128072445,0.358696930495119
2023-03-16,15822,303,851,51,461,62,1.91505498672734,5.37858677790418,0.322335987864998,2.91366451776008,0.391859436228037
2023-03-17,15833,318,885,69,516,43,2.00846333607023,5.5895913598181,0.435798648392598,3.25901597928377,0.271584664940315
2023-03-18,13831,204,694,58,413,34,1.47494758151977,5.01771383124864,0.419347841804642,2.98604583905719,0.245824596919962
2023-03-19,14682,259,752,88,509,41,1.76406484130228,5.12191799482359,0.599373382372974,3.46683013213459,0.279253507696499
2023-03-20,18862,306,880,72,564,52,1.62230940515322,4.66546495599618,0.381719860036051,2.99013890361574,0.275686565581593
2023-03-21,18435,274,957,102,533,49,1.48630322755628,5.19121236777868,0.553295362082994,2.89123949010035,0.265798752373203
2023-03-22,19087,389,831,69,518,59,2.03803635982606,4.35374862471839,0.36150259338817,2.71388903442133,0.309110913186986
2023-03-23,16503,261,854,68,508,39,1.5815306307944,5.17481669999394,0.412046294613101,3.07822820093316,0.236320668969278
2023-03-24,17283,286,754,70,481,47,1.65480530000579,4.36266851819707,0.405022276225192,2.78308164091882,0.271943528322629
2023-03-25,19912,231,657,68,435,52,1.16010445962234,3.29951787866613,0.341502611490558,2.18461229409401,0.261149055845721
2023-03-26,20039,247,644,82,410,45,1.23259643694795,3.21373322022057,0.409202055990818,2.04601027995409,0.2245621038974
2023-03-27,25623,327,816,79,580,60,1.27619716660813,3.18463880107716,0.308316746672911,2.26359130468719,0.234164617726262
2023-03-28,20986,325,837,104,505,35,1.54865148194034,3.98837320118174,0.495568474220909,2.40636614886115,0.166777851901268
2023-03-29,24972,315,782,91,521,55,1.26141278231619,3.13150728816274,0.364408137113567,2.08633669710075,0.220246676277431
2023-03-30,21037,288,862,76,549,62,1.36901649474735,4.09754242525075,0.36126824166944,2.60968769311214,0.294718828730332
2023-03-31,18891,264,788,78,496,54,1.39749086866762,4.17129850193214,0.412895029379069,2.62558890476947,0.28585040495474
2023-04-01,17411,206,657,41,449,39,1.18316007121934,3.77347653782092,0.235483315145598,2.57882947561886,0.223996324162886
2023-04-02,15031,239,696,52,482,65,1.59004723571286,4.63043044374958,0.345951699820371,3.20670614064267,0.432439624775464
2023-04-03,18402,307,921,74,598,84,1.66829692424736,5.00489077274209,0.402130203238778,3.24964677752418,0.45647212259537
2023-04-04,17341,307,839,69,630,52,1.77037079753186,4.83824462257079,0.3979009284355,3.63300847701978,0.299867366357188
2023-04-05,16813,279,845,82,559,69,1.65943020281925,5.02587283649557,0.487717837387736,3.32480818414322,0.410396716826265
2023-04-06,15812,237,807,57,521,56,1.49886162408297,5.10371869466228,0.360485707057931,3.29496584872249,0.354161396407791
2023-04-07,15566,249,713,55,429,36,1.5996402415521,4.58049595271746,0.353334189901066,2.75600668122832,0.231273287935244
2023-04-08,13476,158,632,71,408,42,1.17245473434253,4.68981893737014,0.526862570495696,3.02760463045414,0.31166518254675
2023-04-09,13213,208,610,62,342,20,1.57420722016196,4.61666540528268,0.469234844471354,2.58835994853553,0.151366078861727
2023-04-10,16902,297,833,81,540,54,1.75718849840256,4.92841083895397,0.479233226837061,3.19488817891374,0.319488817891374
2023-04-11,18538,262,955,63,587,44,1.41331319451937,5.15158053727479,0.339842485705038,3.16646887474377,0.237350307476535
2023-04-12,17980,329,913,65,571,54,1.82981090100111,5.07786429365962,0.361512791991101,3.17575083426029,0.300333704115684
2023-04-13,17471,292,901,63,544,49,1.67134107950318,5.15711750901494,0.360597561673631,3.1137313261977,0.280464770190602
2023-04-14,16149,251,797,70,439,64,1.55427580655149,4.93529011084278,0.433463372345037,2.71843457799245,0.396309369001177
2023-04-15,13410,199,710,64,349,39,1.48396718866518,5.29455630126771,0.477255779269202,2.60253542132737,0.29082774049217
2023-04-16,14058,182,671,66,417,26,1.29463650590411,4.77308294209703,0.469483568075117,2.96628254374733,0.184948072272016
2023-04-17,17614,284,894,106,501,51,1.61235380946974,5.07550811854207,0.601794027478142,2.84432837515613,0.289542409447031
2023-04-18,18205,305,873,94,497,68,1.67536391101346,4.79538588299918,0.516341664377918,2.7300192254875,0.373523757209558
2023-04-19,18187,325,899,72,533,42,1.78699070764832,4.94309121900258,0.395887172155936,2.93066476054325,0.230934183757629
2023-04-20,17064,303,866,68,503,51,1.77566807313643,5.07501172058134,0.398499765588373,2.94772620721988,0.29887482419128
2023-04-21,15700,208,746,58,454,69,1.32484076433121,4.7515923566879,0.369426751592357,2.89171974522293,0.439490445859873
2023-04-22,13003,175,587,54,356,42,1.3458432669384,4.51434284395909,0.41528877951242,2.7378297316004,0.323002384065216
2023-04-23,14825,207,714,67,403,28,1.39629005059022,4.81618887015177,0.451939291736931,2.71838111298482,0.188870151770658
2023-04-24,17895,330,902,91,490,63,1.84409052808047,5.04051411008662,0.508521933500978,2.73819502654373,0.352053646269908
2023-04-25,17949,272,862,75,532,48,1.51540475792523,4.80249596077776,0.417850576633796,2.96395342358906,0.267424369045629
2023-04-26,18334,310,791,74,589,58,1.69084760554162,4.31438856768845,0.403621686484128,3.21261045052907,0.316352132649722
2023-04-27,17054,262,788,54,534,58,1.53629647003636,4.62061686407881,0.316641257183066,3.13123020992143,0.340096165122552
2023-04-28,19710,253,827,70,496,54,1.28361237950279,4.19583967529173,0.355149670218163,2.51648909183156,0.273972602739726
2023-04-29,21129,211,640,36,358,39,0.998627478820578,3.02901225803398,0.170381939514411,1.69435373183776,0.184580434473946
2023-04-30,20388,218,667,37,384,44,1.06925642534824,3.2715322738866,0.181479301549931,1.88346085932902,0.215813223464783
2023-05-01,23979,277,826,64,482,56,1.15517744693273,3.44468076233371,0.266900204345469,2.01009216397681,0.233537678802285
2023-05-02,25475,330,888,65,549,46,1.29538763493621,3.48577036310108,0.255152109911678,2.15505397448479,0.180569185475957
2023-05-03,25249,323,861,79,566,72,1.2792585844984,3.41003604103133,0.312883678561527,2.24167293754208,0.28515980830924
2023-05-04,23343,282,832,72,527,63,1.2080709420383,3.56423767296406,0.308443644775736,2.25763612217796,0.269888189178769
2023-05-05,24289,293,826,68,549,51,1.20630738194244,3.40071637366709,0.279962122771625,2.2602824323768,0.209971592078719
2023-05-06,32273,207,674,54,411,58,0.641403030396926,2.08843305549531,0.167322529668763,1.27351036470114,0.179716791125709
2023-05-07,30283,229,718,64,395,41,0.756199848099594,2.37096720932536,0.211339695538751,1.30436218340323,0.135389492454512
2023-05-08,25327,347,1041,94,555,56,1.37007936194575,4.11023808583725,0.371145417933431,2.19133730801121,0.221107908556086
2023-05-09,25775,354,1112,86,646,55,1.37342386032978,4.31425800193986,0.333656644034918,2.50630455868089,0.213385063045587
2023-05-10,26966,391,1167,86,662,55,1.44997404138545,4.32767188311207,0.318920121634651,2.45494326188534,0.203960542905881
2023-05-11,24198,312,1095,92,537,58,1.28936275725267,4.52516736920407,0.38019671047194,2.21919166873295,0.239689230514919
2023-05-12,22245,292,1003,92,530,68,1.31265452910766,4.50887839964037,0.413576084513374,2.38255787817487,0.305686671162059
2023-05-13,18888,220,788,73,430,44,1.16476069462092,4.1719610334604,0.386488775942397,2.27657772130453,0.232952138924185
2023-05-14,19849,229,826,70,385,45,1.1537105143836,4.16141871127009,0.352662602650008,1.93964431457504,0.226711673132148
2023-05-15,24376,411,1168,79,562,58,1.68608467344929,4.79159829340335,0.324089268132589,2.30554643912045,0.237938956350509
2023-05-16,23825,357,1052,118,563,51,1.49842602308499,4.41552990556139,0.495278069254984,2.36306400839454,0.214060860440714
2023-05-17,23724,382,1038,92,546,61,1.61018378013826,4.37531613555893,0.387792952284606,2.30146686899342,0.257123587927837
2023-05-18,21846,337,951,106,527,61,1.54261649729928,4.35319967042021,0.485214684610455,2.41234093197839,0.279227318502243
2023-05-19,21215,336,899,82,465,56,1.58378505774216,4.23756775866132,0.386518972425171,2.19184539241103,0.263964176290361
2023-05-20,18441,217,699,70,446,41,1.17672577409034,3.79046689442004,0.379588959383981,2.41852394121794,0.222330676210618
2023-05-21,20038,221,753,89,449,29,1.10290448148518,3.75786006587484,0.444156103403533,2.24074258908075,0.144725022457331
2023-05-22,22126,385,1012,76,595,48,1.74003434873,4.57380457380457,0.343487300009039,2.68914399349182,0.21693934737413
2023-05-23,22880,347,1020,105,627,57,1.51660839160839,4.45804195804196,0.458916083916084,2.74038461538462,0.249125874125874
2023-05-24,21358,290,1003,90,514,58,1.3578050379249,4.69613259668508,0.421387770390486,2.40659237756344,0.27156100758498
2023-05-25,20850,312,904,102,523,64,1.49640287769784,4.33573141486811,0.489208633093525,2.5083932853717,0.306954436450839
2023-05-26,20336,255,816,88,540,33,1.25393391030684,4.0125885129819,0.43273013375295,2.65538945712038,0.162273800157356
2023-05-27,17070,190,693,71,430,40,1.11306385471588,4.0597539543058,0.41593438781488,2.51903925014646,0.234329232571763
2023-05-28,17776,210,710,77,423,44,1.18136813681368,3.99414941494149,0.433168316831683,2.37961296129613,0.247524752475248
2023-05-29,21252,277,861,82,553,100,1.30340673818935,4.05138339920949,0.385846038019951,2.60210803689065,0.470543948804818
2023-05-30,21147,385,1009,76,603,53,1.82058920887123,4.77136236818461,0.359389038634322,2.85146829337495,0.25062656641604
2023-05-31,21418,315,1006,74,573,53,1.47072555794192,4.69698384536371,0.34550378186572,2.67531982444673,0.247455411336259
2023-06-01,20895,328,910,94,546,48,1.56975352955252,4.35510887772194,0.449868389566882,2.61306532663317,0.229720028715004
2023-06-02,19135,310,887,64,576,41,1.6200679383329,4.6354847138751,0.334465638881631,3.01019074993467,0.214267049908545
2023-06-03,16640,211,660,96,472,28,1.26802884615385,3.96634615384615,0.576923076923077,2.83653846153846,0.168269230769231
2023-06-04,18119,274,827,110,509,39,1.51222473646448,4.56426955129974,0.607097521938297,2.80920580605994,0.215243666869033
2023-06-05,21721,389,1067,101,656,52,1.79089360526679,4.91229685557755,0.464987799825054,3.02011877906174,0.239399659315869
2023-06-06,21100,353,1056,93,571,76,1.67298578199052,5.00473933649289,0.440758293838863,2.70616113744076,0.360189573459716
2023-06-07,20809,358,1043,89,601,43,1.72040943822385,5.01225431303763,0.427699553077995,2.88817338651545,0.206641357105099
2023-06-08,19519,315,914,66,614,51,1.61381218300118,4.6826169373431,0.338132076438342,3.14565295353246,0.26128387724781
2023-06-09,18968,283,866,61,594,58,1.49198650358499,4.56558414171236,0.321594264023619,3.13159004639393,0.305778152678195
2023-06-10,17093,203,693,81,510,35,1.18762066342947,4.0542912303282,0.473878195752647,2.98367752881296,0.204762183349909
2023-06-11,15320,229,742,47,446,37,1.49477806788512,4.84334203655352,0.306788511749347,2.911227154047,0.241514360313316
2023-06-12,20055,333,1020,59,645,56,1.66043380703067,5.08601346297681,0.294190974819247,3.21615557217651,0.279232111692845
2023-06-13,20009,400,1017,83,602,76,1.99910040481783,5.08271277924934,0.4148133339997,3.00864610925084,0.379829076915388
2023-06-14,19235,305,1013,62,638,68,1.58565115674552,5.26644138289576,0.322329087600728,3.31687028853652,0.353522225110476
2023-06-15,18549,275,975,67,566,38,1.48255970672273,5.25634805110788,0.361205455819721,3.0513774327457,0.204862795838051
2023-06-16,17586,286,893,74,531,34,1.62629364267031,5.07790287728875,0.420789264187422,3.01944728761515,0.193335607869897
2023-06-17,14381,186,706,45,418,31,1.29337320075099,4.90925526736666,0.312912871149433,2.90661289201029,0.215562200125165
2023-06-18,15671,207,765,58,531,29,1.32091123731734,4.88162848573799,0.370110394997129,3.38842447833578,0.185055197498564
2023-06-19,19521,312,875,68,576,44,1.59827877670201,4.48235233850725,0.348342810306849,2.95066851083449,0.225398289022079
2023-06-20,20084,322,977,74,585,88,1.60326628161721,4.86456881099383,0.368452499502091,2.91276638119896,0.438159729137622
2023-06-21,19571,330,1054,63,600,54,1.68616831025497,5.38551939093557,0.321904859230494,3.06576056409994,0.275918450768995
2023-06-22,18652,330,962,84,493,54,1.76924726570877,5.1576238473086,0.450353849453142,2.64314818786189,0.289513188934163
2023-06-23,18300,341,964,76,523,59,1.86338797814208,5.26775956284153,0.415300546448087,2.85792349726776,0.322404371584699
2023-06-24,15302,287,792,34,471,40,1.87557182067704,5.1757940138544,0.222193177362436,3.07802901581493,0.261403738073454
2023-06-25,40949,255,824,51,478,32,0.622725829690591,2.01225915162763,0.124545165938118,1.16730567291021,0.0781459864709761
2023-06-26,33289,421,1053,87,606,82,1.26468202709604,3.16320706539698,0.261347592297756,1.82042116014299,0.246327615728919
2023-06-27,22266,362,1073,62,624,75,1.62579717955627,4.81900655708255,0.278451450642235,2.8024791161412,0.33683643222851
2023-06-28,20654,280,1027,59,590,51,1.35566960395081,4.97240244020529,0.285658952261063,2.85658952261063,0.246925535005326
2023-06-29,20263,379,982,78,537,79,1.87040418496768,4.84627152938854,0.38493806445245,2.65015052065341,0.389873167842866
2023-06-30,20491,294,976,59,548,70,1.43477624322873,4.76306671221512,0.287931286906447,2.67434483431751,0.341613391244937
2023-07-01,17651,260,763,56,501,51,1.47300436235907,4.32270126338451,0.31726247804657,2.83836609823806,0.288935471078126
2023-07-02,17683,230,808,56,478,46,1.30068427303059,4.56936040264661,0.316688344737884,2.70316122829837,0.260136854606119
2023-07-03,22321,331,1040,76,667,70,1.48290847184266,4.6592894583576,0.340486537341517,2.98821737377358,0.313606021235608
2023-07-04,20765,361,946,82,623,42,1.73850228750301,4.55574283650373,0.394895256441127,3.00024078979051,0.202263424030821
2023-07-05,21207,332,985,74,631,58,1.56552081859763,4.64469279011647,0.348941387277786,2.97543264016598,0.273494600839346
2023-07-06,19366,320,948,57,536,60,1.65238046060105,4.89517711453062,0.294330269544563,2.76773727150676,0.309821336362698
2023-07-07,17975,295,939,54,560,58,1.64116828929068,5.22392211404729,0.300417246175243,3.11543810848401,0.322670375521558
2023-07-08,17023,239,708,49,433,45,1.40398284673677,4.15907889326206,0.28784585560712,2.5436174587323,0.264348234741232
2023-07-09,17445,253,792,54,475,48,1.45027228432216,4.53998280309544,0.309544282029235,2.72284322155345,0.275150472914875
2023-07-10,21019,366,978,64,621,57,1.74128169751178,4.65293306056425,0.304486417051239,2.95446976545031,0.27118321518626
2023-07-11,19921,358,982,65,536,55,1.79709853922996,4.92947141207771,0.326288840921641,2.69062798052307,0.276090557702927
2023-07-12,20531,295,978,62,572,56,1.43685159027812,4.76352832302372,0.301982368126248,2.78603088013248,0.272758267984998
2023-07-13,20998,367,1005,84,606,85,1.74778550338127,4.78617011143918,0.400038098866559,2.88598914182303,0.404800457186399
2023-07-14,20504,283,1023,63,520,69,1.3802184939524,4.98927038626609,0.307257120561842,2.53609051892314,0.336519703472493
2023-07-15,16903,170,811,64,459,38,1.00573862627936,4.79796485830918,0.378631012246347,2.71549429095427,0.224812163521268
2023-07-16,17138,215,827,58,512,31,1.25452211459914,4.82553390127203,0.33842922161279,2.9875131287198,0.180884583965457
2023-07-17,21397,342,1081,64,623,62,1.59835490956676,5.05211010889377,0.299107351497874,2.91162312473711,0.289760246763565
2023-07-18,21628,335,1115,71,675,55,1.54891806916959,5.1553541705197,0.328278157943407,3.12095431847605,0.254299981505456
2023-07-19,21130,368,1119,78,657,48,1.74159962139139,5.29578797917653,0.369143398012305,3.10932323710364,0.227165168007572
2023-07-20,19368,331,963,68,578,53,1.70900454357703,4.97211895910781,0.351094589012805,2.98430400660884,0.273647253201157
2023-07-21,17837,256,825,69,562,41,1.4352189269496,4.62521724505242,0.386836351404384,3.15075405056904,0.229859281269272
2023-07-22,15590,221,743,70,484,32,1.41757536882617,4.76587556125722,0.449005772931366,3.10455420141116,0.205259781911482
2023-07-23,16289,249,764,63,490,45,1.52863895880656,4.69028178525385,0.386764073914912,3.0081650193382,0.276260052796366
2023-07-24,20966,398,1120,86,684,51,1.89831155203663,5.3419822569875,0.410187923304398,3.26242487837451,0.243250977773538
2023-07-25,20604,360,1089,90,681,54,1.7472335468841,5.2853814793244,0.436808386721025,3.30518345952242,0.262085032032615
2023-07-26,19509,312,981,59,620,49,1.59926187913271,5.02844840842688,0.30242452201548,3.17802040084064,0.251166128453534
2023-07-27,19168,317,933,96,605,54,1.6537979966611,4.86748747913189,0.500834724540901,3.15630217028381,0.281719532554257
2023-07-28,18446,284,918,77,532,51,1.53962918789982,4.97668871300011,0.417434674184105,2.88409411254473,0.276482706277784
2023-07-29,15683,193,785,59,467,33,1.23063189440796,5.00541988140024,0.376203532487407,2.97774660460371,0.210418924950583
2023-07-30,16647,262,818,65,526,30,1.5738571514387,4.91379828197273,0.39046074367754,3.15972847960594,0.180212650928095
2023-07-31,21179,369,1068,65,678,74,1.74229189291279,5.0427310071297,0.306907786014448,3.20128429104301,0.349402710231833
2023-08-01,21210,367,1079,68,644,76,1.73031588873173,5.08722300801509,0.320603488920321,3.03630363036304,0.358321546440358
2023-08-02,20324,347,942,71,657,70,1.70734107459162,4.63491438693171,0.349340680968313,3.23263137177721,0.344420389687069
2023-08-03,19466,350,938,66,591,46,1.79800678105415,4.81865817322511,0.339052707284496,3.03606287886571,0.236309462652831
2023-08-04,18846,327,946,66,540,58,1.73511620503024,5.01963281332909,0.35020694046482,2.86532951289398,0.307757614347872
2023-08-05,16396,221,729,84,391,58,1.34788972920224,4.44620639180288,0.512320078067821,2.38472798243474,0.353744815808734
2023-08-06,16920,241,738,73,427,55,1.42434988179669,4.36170212765957,0.431442080378251,2.52364066193853,0.325059101654846
2023-08-07,20198,351,1087,82,494,77,1.73779582136845,5.38172096247153,0.405980790177245,2.4457867115556,0.381225863946925
2023-08-08,21007,407,996,75,548,104,1.93744942162136,4.74127671728471,0.357023849193126,2.60865425810444,0.495073070881135
2023-08-09,20018,391,1008,94,579,97,1.95324208212609,5.03546807872914,0.469577380357678,2.89239684284144,0.484563892496753
2023-08-10,18933,391,894,63,619,84,2.06517720382401,4.72191411820631,0.332752337189035,3.26942375746052,0.443669782918713
2023-08-11,16557,302,951,80,521,49,1.82400193271728,5.74379416560971,0.483179319925107,3.14670532101226,0.295947333454128
2023-08-12,14817,280,789,49,443,42,1.88972126611325,5.32496456772626,0.330701221569818,2.98980900317203,0.283458189916987
2023-08-13,14715,223,825,79,460,52,1.51546041454298,5.60652395514781,0.536867142371729,3.12606184165817,0.353380903839619
2023-08-14,19143,336,1026,92,598,66,1.75521078200909,5.35966149506347,0.480593428407251,3.12385728464713,0.344773546466071
2023-08-15,18834,302,1089,95,600,71,1.60348306254646,5.78209620898375,0.50440692364872,3.18572793883402,0.376977806095359
2023-08-16,18761,321,998,65,630,85,1.71099621555354,5.31954586642503,0.346463408133895,3.35802995575929,0.453067533713555
2023-08-17,17819,317,980,58,569,58,1.77899994388013,5.49974746057579,0.325495257870812,3.19322071945676,0.325495257870812
2023-08-18,17265,293,868,75,599,63,1.69707500724008,5.02751230813785,0.434404865334492,3.46944685780481,0.364900086880973
2023-08-19,13285,231,728,62,409,47,1.73880316146029,5.47986450884456,0.466691757621377,3.07866014301844,0.353782461422657
2023-08-20,14941,285,798,68,470,44,1.90750284452179,5.341007964661,0.455123485710461,3.14570644535172,0.294491667224416
2023-08-21,18802,447,1076,66,577,72,2.37740665886608,5.72279544729284,0.351026486543985,3.06882246569514,0.382937985320711
2023-08-22,18149,341,993,61,574,69,1.87889139897515,5.47137583337925,0.336106672543942,3.16270868918398,0.380186236156262
2023-08-23,18497,326,936,64,532,79,1.76244796453479,5.06028004541277,0.346002054387198,2.87614207709358,0.427096285884197
2023-08-24,17644,276,954,75,547,57,1.56427114033099,5.40693720244842,0.425073679437769,3.10020403536613,0.323055996372705
2023-08-25,16637,330,928,79,530,66,1.98353068461862,5.57792871310934,0.474845224499609,3.18567049347839,0.396706136923724
2023-08-26,14323,264,752,43,435,40,1.84318927598967,5.25029672554632,0.300216435104378,3.03707323884661,0.279271102422677
2023-08-27,14712,241,755,50,445,61,1.63811854268624,5.13186514410005,0.339858618814573,3.0247417074497,0.414627514953779
2023-08-28,18196,335,935,44,548,73,1.84106397010332,5.13849197625852,0.241811387118048,3.01165091228841,0.401187074082216
2023-08-29,19743,370,1118,73,700,73,1.8740819530973,5.66276655016968,0.369751304259738,3.5455604518057,0.369751304259738
2023-08-30,21145,312,1072,72,614,101,1.47552612910854,5.06975644360369,0.340506029794278,2.90375975407898,0.477654291794751
2023-08-31,21470,325,956,59,547,83,1.51374010246856,4.45272473218444,0.274802049371216,2.54774103400093,0.386585933861202
2023-09-01,20266,322,1009,62,612,55,1.58886805487023,4.97878219678279,0.305931116155137,3.01983617882167,0.271390506266654
2023-09-02,15221,217,670,51,420,62,1.42566191446029,4.4018132842783,0.335063399251035,2.75934564089087,0.407331975560081
2023-09-03,16051,274,823,58,490,69,1.70705875023363,5.1274063921251,0.361348202604199,3.05276929786306,0.429879758270513
2023-09-04,19834,315,1005,71,617,56,1.58818190985177,5.06705656952708,0.357971160633256,3.11081980437632,0.282343450640315
2023-09-05,19943,406,1014,67,600,54,2.03580203580204,5.08449079877651,0.335957478814622,3.00857443714587,0.270771699343128
2023-09-06,19978,356,1000,55,519,70,1.78196015617179,5.00550605666233,0.275302833116428,2.59785764340775,0.350385423966363
2023-09-07,19412,337,1012,54,587,58,1.73603956315681,5.21327014218009,0.278178446321863,3.02390274057284,0.298784257160519
2023-09-08,17830,282,919,58,493,44,1.58160403813797,5.15423443634324,0.325294447560292,2.76500280426248,0.246775098149187
2023-09-09,15737,231,796,83,463,58,1.46787824871322,5.05814322933215,0.52741945732986,2.94211094871958,0.368558175001589
2023-09-10,15824,209,742,58,526,36,1.32077856420627,4.68907987866532,0.366531850353893,3.32406471183013,0.227502527805864
2023-09-11,21349,352,990,55,618,69,1.64878917045295,4.63721954189892,0.257623307883273,2.89474916857932,0.323200149889925
2023-09-12,19781,375,1024,64,611,72,1.89575855619028,5.17668469743693,0.323542793589808,3.0888226075527,0.363985642788534
2023-09-13,19520,324,1000,75,616,61,1.65983606557377,5.12295081967213,0.38422131147541,3.15573770491803,0.3125
2023-09-14,18331,264,913,62,576,48,1.44018329605586,4.98063389885986,0.338224864982816,3.14221810048552,0.261851508373793
2023-09-15,18675,328,939,52,606,57,1.75635876840696,5.0281124497992,0.278447121820616,3.24497991967872,0.305220883534137
2023-09-16,15795,225,795,54,453,41,1.42450142450142,5.0332383665717,0.341880341880342,2.86799620132953,0.259575815131371
2023-09-17,16434,238,843,38,525,43,1.44821711086771,5.12960934647682,0.231227942071316,3.19459656809054,0.261652671291225
2023-09-18,19309,344,1000,60,607,42,1.78155264384484,5.17893210420011,0.310735926252007,3.14361178724947,0.217515148376405
2023-09-19,19351,312,997,73,542,61,1.61231977675572,5.15218851738928,0.377241486228102,2.80088884295385,0.315229187122113
2023-09-20,20702,284,1003,86,563,58,1.3718481306154,4.84494251763115,0.415418800115931,2.71954400541011,0.280166167520046
2023-09-21,18987,264,970,54,525,82,1.3904250276505,5.1087586243219,0.284405119292147,2.76504977089588,0.431874440406594
2023-09-22,17546,269,829,51,508,59,1.53311296021885,4.72472358372279,0.290664538926251,2.89524677989285,0.336258976404879
2023-09-23,15250,192,699,49,440,33,1.25901639344262,4.58360655737705,0.321311475409836,2.88524590163934,0.216393442622951
2023-09-24,15914,203,791,60,456,43,1.2756063843157,4.97046625612668,0.377026517531733,2.86540153324117,0.270202337564409
